sample,diet,acetate,propionate,isobutyrate,butyrate,isovalerate,valerate,caproate
M8,guar gum,1.30915949,0.327501003,0.005749846,0.306648582,0.002012538,0.005667353,0.003080361
M7,guar gum,1.646399569,0.53503579,0.008041362,0.565115868,0.002845535,0.00468427,0.003184545
M6,guar gum,1.677526464,0.362227524,0.004799106,0.388923284,0.002272622,0.006792442,0.003175064
M5,guar gum,1.477599845,0.328586363,0.006065095,0.3984215,0.00303076,0.006024131,0.002661311
M4,guar gum,1.439460205,0.684773436,0.014073924,0.618964568,0.003392076,0.005769384,0
M3,control,1.277412961,0.196128955,0.004605347,0.089109508,0.002055724,0.021218837,0.00617962
M2,control,1.848273712,0.359743718,0.008363628,0.141829715,0.002848589,0.031346634,0.003017484
M1,control,1.466330669,0.220064328,0.006099696,0.09069767,0.003090512,0.028322839,0.007459958